INSERT INTO demo_spring.cart (id, user_id, buy_date) VALUES (10, 12, '2019-04-27 09:41:38');
INSERT INTO demo_spring.cart (id, user_id, buy_date) VALUES (11, 13, '2019-04-27 09:48:47');
INSERT INTO demo_spring.cart (id, user_id, buy_date) VALUES (12, 13, '2019-04-27 09:50:48');
INSERT INTO demo_spring.cart (id, user_id, buy_date) VALUES (13, 13, '2019-04-27 09:53:53');
INSERT INTO demo_spring.cart (id, user_id, buy_date) VALUES (14, 12, '2019-04-27 12:01:54');
INSERT INTO demo_spring.cart (id, user_id, buy_date) VALUES (15, 13, '2019-04-27 22:15:05');
INSERT INTO demo_spring.cart (id, user_id, buy_date) VALUES (16, 13, '2019-04-27 22:21:36');
INSERT INTO demo_spring.cart (id, user_id, buy_date) VALUES (17, 12, '2019-04-28 00:16:44');
INSERT INTO demo_spring.cart_item (id, product_id, buy_quantity, sell_price, cart_id) VALUES (1, 3, 1, 222, 10);
INSERT INTO demo_spring.cart_item (id, product_id, buy_quantity, sell_price, cart_id) VALUES (2, 3, 1, 222, 16);
INSERT INTO demo_spring.cart_item (id, product_id, buy_quantity, sell_price, cart_id) VALUES (3, 3, 4, 222, 17);
INSERT INTO demo_spring.cart_item (id, product_id, buy_quantity, sell_price, cart_id) VALUES (4, 15, 2, 111, 17);
INSERT INTO demo_spring.category (id, cate_name) VALUES (4, 'Couple');
INSERT INTO demo_spring.category (id, cate_name) VALUES (7, 'Men');
INSERT INTO demo_spring.category (id, cate_name) VALUES (3, 'Woman');
INSERT INTO demo_spring.product (id, name, quantity, price, description, product_file_name, cate_id) VALUES (3, 'T-shirt', 20, 222.99, 'levis', 'aonam2.jpg', 3);
INSERT INTO demo_spring.product (id, name, quantity, price, description, product_file_name, cate_id) VALUES (15, 'Jacket Jeans', 11, 111, 'Men', '1556255745803.jpg', 7);
INSERT INTO demo_spring.user (id, name, age, address, username, password, role, phone_number, avatar_file_name) VALUES (12, 'Dung', 21, 'Thuận Thành, Bắc Ninh', 'DoTrongDung', '$2a$12$YhP72SWrWjU0KsQdnIRqdOwlO5LqamvCuaPpLL4nKp2gxbGshUHSS', 'ROLE_ADMIN', '0352464242', '1554559812209.jpg');
INSERT INTO demo_spring.user (id, name, age, address, username, password, role, phone_number, avatar_file_name) VALUES (13, 'Nam', 21, 'Thuận Thành, Bắc Ninh', 'DoHoangNam', '$2a$12$YhP72SWrWjU0KsQdnIRqdOwlO5LqamvCuaPpLL4nKp2gxbGshUHSS', 'ROLE_USER', '0352463355', 'men3.jpg');